,TOV Category,Amount Aggregate,Amount Declared,Total Amount,Proportion Undeclared
2,Fee for service and consultancy,21018335.46,25029822.0,46048157.46,0.456442485853
0,Contribution to costs of Events,7468459.12,23983753.2,31452212.32,0.237454174734
1,Donations and Grants to HCOs,697507.84,28764932.33,29462440.17,0.0236744762476
